timestamp,temperature,humidity,wind_speed_ms,wind_direction,visibility_m,cloud_cover_percent,airport,latitude,longitude,visibility_km
2024-01-16 00:00:00,-17.3,83,3.52,97,,100,Архангельск,64.6,40.7167,
2024-01-16 01:00:00,-17.3,83,3.61,95,,100,Архангельск,64.6,40.7167,
2024-01-16 02:00:00,-16.9,82,3.6,92,,100,Архангельск,64.6,40.7167,
2024-01-16 03:00:00,-16.5,82,3.8,90,,100,Архангельск,64.6,40.7167,
2024-01-16 04:00:00,-17.0,83,3.8,92,,100,Архангельск,64.6,40.7167,
2024-01-16 05:00:00,-16.8,83,3.9,91,,100,Архангельск,64.6,40.7167,
2024-01-16 06:00:00,-16.2,83,4.0,91,,100,Архангельск,64.6,40.7167,
2024-01-16 07:00:00,-15.1,81,3.9,90,,100,Архангельск,64.6,40.7167,
2024-01-16 08:00:00,-14.3,81,3.9,91,,100,Архангельск,64.6,40.7167,
2024-01-16 09:00:00,-13.5,81,4.0,91,,100,Архангельск,64.6,40.7167,
2024-01-16 10:00:00,-12.9,81,4.31,94,,100,Архангельск,64.6,40.7167,
2024-01-16 11:00:00,-12.1,81,4.23,97,,100,Архангельск,64.6,40.7167,
2024-01-16 12:00:00,-11.2,81,4.14,98,,100,Архангельск,64.6,40.7167,
2024-01-16 13:00:00,-10.8,81,4.24,98,,100,Архангельск,64.6,40.7167,
2024-01-16 14:00:00,-10.1,81,4.23,97,,100,Архангельск,64.6,40.7167,
2024-01-16 15:00:00,-9.7,82,4.13,97,,100,Архангельск,64.6,40.7167,
2024-01-16 16:00:00,-10.6,82,4.14,98,,100,Архангельск,64.6,40.7167,
2024-01-16 17:00:00,-10.1,83,4.18,101,,100,Архангельск,64.6,40.7167,
2024-01-16 18:00:00,-9.7,83,4.0,103,,100,Архангельск,64.6,40.7167,
2024-01-16 19:00:00,-9.4,84,4.0,103,,100,Архангельск,64.6,40.7167,
2024-01-16 20:00:00,-8.9,83,3.93,105,,100,Архангельск,64.6,40.7167,
2024-01-16 21:00:00,-8.8,83,3.76,107,,100,Архангельск,64.6,40.7167,
2024-01-16 22:00:00,-8.6,83,3.79,102,,100,Архангельск,64.6,40.7167,
2024-01-16 23:00:00,-8.8,84,3.88,102,,100,Архангельск,64.6,40.7167,
2024-01-17 00:00:00,-8.6,83,3.85,99,,100,Архангельск,64.6,40.7167,
2024-01-17 01:00:00,-8.6,84,3.72,96,,100,Архангельск,64.6,40.7167,
2024-01-17 02:00:00,-8.4,84,3.61,95,,100,Архангельск,64.6,40.7167,
2024-01-17 03:00:00,-8.4,85,3.5,88,,100,Архангельск,64.6,40.7167,
2024-01-17 04:00:00,-9.2,85,3.21,85,,100,Архангельск,64.6,40.7167,
2024-01-17 05:00:00,-9.1,85,3.41,85,,100,Архангельск,64.6,40.7167,
2024-01-17 06:00:00,-8.9,85,3.31,85,,100,Архангельск,64.6,40.7167,
2024-01-17 07:00:00,-8.9,85,3.22,83,,100,Архангельск,64.6,40.7167,
2024-01-17 08:00:00,-8.9,85,2.94,80,,100,Архангельск,64.6,40.7167,
2024-01-17 09:00:00,-9.2,87,2.75,71,,100,Архангельск,64.6,40.7167,
2024-01-17 10:00:00,-9.9,88,2.86,65,,100,Архангельск,64.6,40.7167,
2024-01-17 11:00:00,-10.0,86,2.82,63,,100,Архангельск,64.6,40.7167,
2024-01-17 12:00:00,-9.9,83,2.77,64,,100,Архангельск,64.6,40.7167,
2024-01-17 13:00:00,-9.7,83,2.16,56,,100,Архангельск,64.6,40.7167,
2024-01-17 14:00:00,-9.9,84,1.84,49,,100,Архангельск,64.6,40.7167,
2024-01-17 15:00:00,-10.1,85,1.84,41,,100,Архангельск,64.6,40.7167,
2024-01-17 16:00:00,-11.9,86,1.35,42,,100,Архангельск,64.6,40.7167,
2024-01-17 17:00:00,-14.9,89,2.5,360,,100,Архангельск,64.6,40.7167,
2024-01-17 18:00:00,-12.2,86,1.94,348,,100,Архангельск,64.6,40.7167,
2024-01-17 19:00:00,-11.9,86,1.81,354,,100,Архангельск,64.6,40.7167,
2024-01-17 20:00:00,-11.9,86,1.44,326,,100,Архангельск,64.6,40.7167,
2024-01-17 21:00:00,-13.4,87,1.56,320,,100,Архангельск,64.6,40.7167,
2024-01-17 22:00:00,-14.4,88,2.39,327,,100,Архангельск,64.6,40.7167,
2024-01-17 23:00:00,-12.4,86,1.93,339,,100,Архангельск,64.6,40.7167,
2024-01-18 00:00:00,-11.9,85,2.16,326,,100,Архангельск,64.6,40.7167,
2024-01-18 01:00:00,-12.1,84,1.92,309,,100,Архангельск,64.6,40.7167,
2024-01-18 02:00:00,-14.9,88,2.86,282,,100,Архангельск,64.6,40.7167,
2024-01-18 03:00:00,-12.2,86,1.71,277,,100,Архангельск,64.6,40.7167,
2024-01-18 04:00:00,-11.4,85,2.12,278,,100,Архангельск,64.6,40.7167,
2024-01-18 05:00:00,-10.2,84,2.8,270,,100,Архангельск,64.6,40.7167,
2024-01-18 06:00:00,-9.4,84,3.31,275,,100,Архангельск,64.6,40.7167,
2024-01-18 07:00:00,-9.1,84,3.51,275,,100,Архангельск,64.6,40.7167,
2024-01-18 08:00:00,-8.9,87,3.4,270,,100,Архангельск,64.6,40.7167,
2024-01-18 09:00:00,-9.1,87,4.13,263,,100,Архангельск,64.6,40.7167,
2024-01-18 10:00:00,-9.8,81,4.61,257,,100,Архангельск,64.6,40.7167,
2024-01-18 11:00:00,-10.6,80,4.27,249,,100,Архангельск,64.6,40.7167,
2024-01-18 12:00:00,-11.4,80,4.0,238,,100,Архангельск,64.6,40.7167,
2024-01-18 13:00:00,-12.4,80,3.41,238,,100,Архангельск,64.6,40.7167,
2024-01-18 14:00:00,-13.1,82,3.26,227,,95,Архангельск,64.6,40.7167,
2024-01-18 15:00:00,-14.1,84,2.9,226,,90,Архангельск,64.6,40.7167,
2024-01-18 16:00:00,-15.2,84,2.33,211,,20,Архангельск,64.6,40.7167,
2024-01-18 17:00:00,-16.7,85,2.55,191,,0,Архангельск,64.6,40.7167,
2024-01-18 18:00:00,-17.9,85,2.71,176,,5,Архангельск,64.6,40.7167,
2024-01-18 19:00:00,-18.8,84,2.42,156,,100,Архангельск,64.6,40.7167,
2024-01-18 20:00:00,-18.9,83,2.98,140,,100,Архангельск,64.6,40.7167,
2024-01-18 21:00:00,-18.4,81,3.61,136,,100,Архангельск,64.6,40.7167,
2024-01-18 22:00:00,-17.5,81,3.89,134,,100,Архангельск,64.6,40.7167,
2024-01-18 23:00:00,-16.7,80,4.24,133,,100,Архангельск,64.6,40.7167,
2024-01-19 00:00:00,-15.9,78,4.52,125,,100,Архангельск,64.6,40.7167,
2024-01-19 01:00:00,-14.6,75,5.3,122,,100,Архангельск,64.6,40.7167,
2024-01-19 02:00:00,-13.1,72,5.94,123,,100,Архангельск,64.6,40.7167,
2024-01-19 03:00:00,-11.6,71,5.88,138,,100,Архангельск,64.6,40.7167,
2024-01-19 04:00:00,-11.1,70,6.51,135,,100,Архангельск,64.6,40.7167,
2024-01-19 05:00:00,-10.7,73,6.37,138,,100,Архангельск,64.6,40.7167,
2024-01-19 06:00:00,-10.6,75,5.98,142,,100,Архангельск,64.6,40.7167,
2024-01-19 07:00:00,-10.5,76,5.46,145,,100,Архангельск,64.6,40.7167,
2024-01-19 08:00:00,-10.4,78,4.94,148,,100,Архангельск,64.6,40.7167,
2024-01-19 09:00:00,-10.4,80,4.39,150,,100,Архангельск,64.6,40.7167,
2024-01-19 10:00:00,-10.5,81,4.11,154,,100,Архангельск,64.6,40.7167,
2024-01-19 11:00:00,-10.4,80,4.05,160,,84,Архангельск,64.6,40.7167,
2024-01-19 12:00:00,-10.9,81,3.86,163,,95,Архангельск,64.6,40.7167,
2024-01-19 13:00:00,-10.9,81,3.64,164,,100,Архангельск,64.6,40.7167,
2024-01-19 14:00:00,-10.7,81,3.48,162,,100,Архангельск,64.6,40.7167,
2024-01-19 15:00:00,-10.5,83,3.36,157,,100,Архангельск,64.6,40.7167,
2024-01-19 16:00:00,-10.2,84,3.53,155,,100,Архангельск,64.6,40.7167,
2024-01-19 17:00:00,-9.9,84,3.54,151,,100,Архангельск,64.6,40.7167,
2024-01-19 18:00:00,-9.5,84,3.4,156,,97,Архангельск,64.6,40.7167,
2024-01-19 19:00:00,-9.7,85,3.71,166,,100,Архангельск,64.6,40.7167,
2024-01-19 20:00:00,-8.4,83,3.8,182,,100,Архангельск,64.6,40.7167,
2024-01-19 21:00:00,-8.0,83,3.6,180,,100,Архангельск,64.6,40.7167,
2024-01-19 22:00:00,-7.8,84,4.0,183,,100,Архангельск,64.6,40.7167,
2024-01-19 23:00:00,-7.2,80,4.44,194,,100,Архангельск,64.6,40.7167,
2024-01-16 00:00:00,-7.9,85,8.86,174,,100,Казань,55.6061,49.2787,
2024-01-16 01:00:00,-7.7,86,8.65,174,,100,Казань,55.6061,49.2787,
2024-01-16 02:00:00,-7.3,86,8.36,173,,100,Казань,55.6061,49.2787,
2024-01-16 03:00:00,-6.8,87,8.42,176,,100,Казань,55.6061,49.2787,
2024-01-16 04:00:00,-7.6,87,7.95,174,,100,Казань,55.6061,49.2787,
2024-01-16 05:00:00,-6.8,88,8.14,174,,100,Казань,55.6061,49.2787,
2024-01-16 06:00:00,-6.1,89,8.64,175,,100,Казань,55.6061,49.2787,
2024-01-16 07:00:00,-5.6,89,8.95,174,,100,Казань,55.6061,49.2787,
2024-01-16 08:00:00,-5.4,89,9.25,174,,100,Казань,55.6061,49.2787,
2024-01-16 09:00:00,-5.2,89,9.61,178,,100,Казань,55.6061,49.2787,
2024-01-16 10:00:00,-4.8,87,9.8,181,,100,Казань,55.6061,49.2787,
2024-01-16 11:00:00,-4.5,90,9.6,180,,100,Казань,55.6061,49.2787,
2024-01-16 12:00:00,-4.2,91,8.92,176,,100,Казань,55.6061,49.2787,
2024-01-16 13:00:00,-3.7,90,9.56,173,,100,Казань,55.6061,49.2787,
2024-01-16 14:00:00,-3.8,90,9.85,167,,100,Казань,55.6061,49.2787,
2024-01-16 15:00:00,-3.8,89,10.11,166,,100,Казань,55.6061,49.2787,
2024-01-16 16:00:00,-4.6,89,10.02,161,,100,Казань,55.6061,49.2787,
2024-01-16 17:00:00,-4.2,89,11.01,163,,100,Казань,55.6061,49.2787,
2024-01-16 18:00:00,-3.8,89,11.83,160,,100,Казань,55.6061,49.2787,
2024-01-16 19:00:00,-3.4,89,12.49,162,,100,Казань,55.6061,49.2787,
2024-01-16 20:00:00,-2.8,90,12.98,166,,100,Казань,55.6061,49.2787,
2024-01-16 21:00:00,-2.3,89,13.51,166,,100,Казань,55.6061,49.2787,
2024-01-16 22:00:00,-2.5,86,14.26,165,,100,Казань,55.6061,49.2787,
2024-01-16 23:00:00,-2.8,84,14.19,167,,100,Казань,55.6061,49.2787,
2024-01-17 00:00:00,-3.1,82,14.58,167,,100,Казань,55.6061,49.2787,
2024-01-17 01:00:00,-3.6,81,13.73,172,,100,Казань,55.6061,49.2787,
2024-01-17 02:00:00,-4.0,82,13.71,170,,100,Казань,55.6061,49.2787,
2024-01-17 03:00:00,-4.2,84,13.65,172,,100,Казань,55.6061,49.2787,
2024-01-17 04:00:00,-4.3,86,13.97,171,,100,Казань,55.6061,49.2787,
2024-01-17 05:00:00,-4.2,86,13.55,172,,100,Казань,55.6061,49.2787,
2024-01-17 06:00:00,-4.3,86,12.99,173,,100,Казань,55.6061,49.2787,
2024-01-17 07:00:00,-4.6,87,12.28,173,,100,Казань,55.6061,49.2787,
2024-01-17 08:00:00,-4.8,87,11.78,173,,100,Казань,55.6061,49.2787,
2024-01-17 09:00:00,-4.9,87,11.04,175,,100,Казань,55.6061,49.2787,
2024-01-17 10:00:00,-4.7,89,10.0,181,,100,Казань,55.6061,49.2787,
2024-01-17 11:00:00,-3.9,90,7.84,191,,98,Казань,55.6061,49.2787,
2024-01-17 12:00:00,-2.8,85,6.52,216,,80,Казань,55.6061,49.2787,
2024-01-17 13:00:00,-3.3,83,6.48,232,,99,Казань,55.6061,49.2787,
2024-01-17 14:00:00,-3.3,83,6.73,228,,100,Казань,55.6061,49.2787,
2024-01-17 15:00:00,-4.4,78,8.4,232,,38,Казань,55.6061,49.2787,
2024-01-17 16:00:00,-5.2,77,7.57,226,,10,Казань,55.6061,49.2787,
2024-01-17 17:00:00,-7.8,79,6.44,228,,9,Казань,55.6061,49.2787,
2024-01-17 18:00:00,-8.6,80,6.5,233,,100,Казань,55.6061,49.2787,
2024-01-17 19:00:00,-8.4,79,6.8,242,,41,Казань,55.6061,49.2787,
2024-01-17 20:00:00,-9.6,81,6.28,239,,52,Казань,55.6061,49.2787,
2024-01-17 21:00:00,-10.1,79,6.5,233,,89,Казань,55.6061,49.2787,
2024-01-17 22:00:00,-10.4,78,6.08,225,,7,Казань,55.6061,49.2787,
2024-01-17 23:00:00,-11.4,78,5.74,221,,42,Казань,55.6061,49.2787,
2024-01-18 00:00:00,-11.9,79,5.66,222,,79,Казань,55.6061,49.2787,
2024-01-18 01:00:00,-12.4,80,5.6,221,,98,Казань,55.6061,49.2787,
2024-01-18 02:00:00,-12.7,80,5.59,223,,90,Казань,55.6061,49.2787,
2024-01-18 03:00:00,-13.2,80,5.45,227,,46,Казань,55.6061,49.2787,
2024-01-18 04:00:00,-14.1,80,5.38,227,,35,Казань,55.6061,49.2787,
2024-01-18 05:00:00,-14.8,81,5.09,227,,31,Казань,55.6061,49.2787,
2024-01-18 06:00:00,-15.7,81,4.82,228,,34,Казань,55.6061,49.2787,
2024-01-18 07:00:00,-16.6,82,4.26,231,,35,Казань,55.6061,49.2787,
2024-01-18 08:00:00,-17.6,83,4.1,227,,30,Казань,55.6061,49.2787,
2024-01-18 09:00:00,-17.9,83,4.18,222,,19,Казань,55.6061,49.2787,
2024-01-18 10:00:00,-17.2,81,4.24,223,,19,Казань,55.6061,49.2787,
2024-01-18 11:00:00,-16.5,79,4.18,228,,22,Казань,55.6061,49.2787,
2024-01-18 12:00:00,-16.0,78,4.06,232,,12,Казань,55.6061,49.2787,
2024-01-18 13:00:00,-16.0,78,3.58,234,,9,Казань,55.6061,49.2787,
2024-01-18 14:00:00,-17.5,80,3.04,224,,9,Казань,55.6061,49.2787,
2024-01-18 15:00:00,-19.0,82,3.52,215,,5,Казань,55.6061,49.2787,
2024-01-18 16:00:00,-19.9,85,3.04,226,,23,Казань,55.6061,49.2787,
2024-01-18 17:00:00,-20.5,87,2.78,218,,30,Казань,55.6061,49.2787,
2024-01-18 18:00:00,-21.2,89,2.88,200,,81,Казань,55.6061,49.2787,
2024-01-18 19:00:00,-22.9,93,3.41,185,,99,Казань,55.6061,49.2787,
2024-01-18 20:00:00,-23.1,91,3.57,162,,100,Казань,55.6061,49.2787,
2024-01-18 21:00:00,-21.6,88,4.34,151,,100,Казань,55.6061,49.2787,
2024-01-18 22:00:00,-19.8,86,4.75,158,,100,Казань,55.6061,49.2787,
2024-01-18 23:00:00,-17.6,84,5.09,160,,100,Казань,55.6061,49.2787,
2024-01-19 00:00:00,-16.5,82,5.59,156,,100,Казань,55.6061,49.2787,
2024-01-19 01:00:00,-15.6,80,6.35,154,,100,Казань,55.6061,49.2787,
2024-01-19 02:00:00,-14.4,78,7.29,155,,100,Казань,55.6061,49.2787,
2024-01-19 03:00:00,-13.4,79,8.73,156,,100,Казань,55.6061,49.2787,
2024-01-19 04:00:00,-12.6,79,9.3,155,,100,Казань,55.6061,49.2787,
2024-01-19 05:00:00,-11.9,80,10.88,161,,100,Казань,55.6061,49.2787,
2024-01-19 06:00:00,-11.3,80,10.62,166,,100,Казань,55.6061,49.2787,
2024-01-19 07:00:00,-11.1,80,11.18,170,,100,Казань,55.6061,49.2787,
2024-01-19 08:00:00,-9.6,82,11.12,176,,100,Казань,55.6061,49.2787,
2024-01-19 09:00:00,-8.6,83,11.41,177,,100,Казань,55.6061,49.2787,
2024-01-19 10:00:00,-7.2,82,11.52,177,,100,Казань,55.6061,49.2787,
2024-01-19 11:00:00,-5.8,81,11.22,177,,100,Казань,55.6061,49.2787,
2024-01-19 12:00:00,-4.6,80,11.51,178,,100,Казань,55.6061,49.2787,
2024-01-19 13:00:00,-3.8,81,11.4,179,,100,Казань,55.6061,49.2787,
2024-01-19 14:00:00,-3.6,81,11.3,179,,100,Казань,55.6061,49.2787,
2024-01-19 15:00:00,-3.5,83,11.5,180,,100,Казань,55.6061,49.2787,
2024-01-19 16:00:00,-2.5,85,11.7,181,,100,Казань,55.6061,49.2787,
2024-01-19 17:00:00,-2.2,85,11.32,184,,100,Казань,55.6061,49.2787,
2024-01-19 18:00:00,-2.2,86,10.52,183,,100,Казань,55.6061,49.2787,
2024-01-19 19:00:00,-2.3,87,10.5,181,,100,Казань,55.6061,49.2787,
2024-01-19 20:00:00,-2.4,89,10.4,180,,100,Казань,55.6061,49.2787,
2024-01-19 21:00:00,-2.4,89,10.2,181,,100,Казань,55.6061,49.2787,
2024-01-19 22:00:00,-2.3,89,10.11,183,,100,Казань,55.6061,49.2787,
2024-01-19 23:00:00,-2.3,91,9.62,184,,100,Казань,55.6061,49.2787,
2024-01-16 00:00:00,-28.7,46,0.22,117,,0,Магадан,59.91,150.72,
2024-01-16 01:00:00,-28.2,44,0.14,135,,18,Магадан,59.91,150.72,
2024-01-16 02:00:00,-27.6,43,0.5,143,,1,Магадан,59.91,150.72,
2024-01-16 03:00:00,-27.0,42,0.5,127,,0,Магадан,59.91,150.72,
2024-01-16 04:00:00,-27.7,47,0.58,59,,0,Магадан,59.91,150.72,
2024-01-16 05:00:00,-27.5,46,0.2,90,,0,Магадан,59.91,150.72,
2024-01-16 06:00:00,-26.7,43,0.1,180,,0,Магадан,59.91,150.72,
2024-01-16 07:00:00,-26.0,41,0.14,135,,0,Магадан,59.91,150.72,
2024-01-16 08:00:00,-25.3,39,0.78,130,,0,Магадан,59.91,150.72,
2024-01-16 09:00:00,-24.8,36,1.03,119,,0,Магадан,59.91,150.72,
2024-01-16 10:00:00,-24.6,35,1.43,102,,1,Магадан,59.91,150.72,
2024-01-16 11:00:00,-25.2,37,1.94,102,,17,Магадан,59.91,150.72,
2024-01-16 12:00:00,-28.4,46,2.34,110,,70,Магадан,59.91,150.72,
2024-01-16 13:00:00,-28.0,49,2.09,107,,95,Магадан,59.91,150.72,
2024-01-16 14:00:00,-25.4,47,1.63,101,,96,Магадан,59.91,150.72,
2024-01-16 15:00:00,-25.3,49,1.36,107,,26,Магадан,59.91,150.72,
2024-01-16 16:00:00,-25.9,57,0.81,97,,94,Магадан,59.91,150.72,
2024-01-16 17:00:00,-25.5,54,1.08,112,,95,Магадан,59.91,150.72,
2024-01-16 18:00:00,-24.8,52,0.32,108,,96,Магадан,59.91,150.72,
2024-01-16 19:00:00,-24.9,54,0.94,328,,73,Магадан,59.91,150.72,
2024-01-16 20:00:00,-25.7,61,0.91,264,,1,Магадан,59.91,150.72,
2024-01-16 21:00:00,-26.0,64,0.63,198,,0,Магадан,59.91,150.72,
2024-01-16 22:00:00,-26.1,66,0.82,284,,0,Магадан,59.91,150.72,
2024-01-16 23:00:00,-26.4,69,0.72,304,,0,Магадан,59.91,150.72,
2024-01-17 00:00:00,-26.5,72,0.28,315,,0,Магадан,59.91,150.72,
2024-01-17 01:00:00,-26.4,73,0.98,294,,0,Магадан,59.91,150.72,
2024-01-17 02:00:00,-26.4,75,1.0,264,,0,Магадан,59.91,150.72,
2024-01-17 03:00:00,-26.3,74,1.1,265,,0,Магадан,59.91,150.72,
2024-01-17 04:00:00,-26.2,79,0.85,201,,2,Магадан,59.91,150.72,
2024-01-17 05:00:00,-25.6,75,1.02,259,,0,Магадан,59.91,150.72,
2024-01-17 06:00:00,-25.0,72,0.89,243,,0,Магадан,59.91,150.72,
2024-01-17 07:00:00,-24.4,70,1.12,260,,0,Магадан,59.91,150.72,
2024-01-17 08:00:00,-24.1,68,1.25,299,,0,Магадан,59.91,150.72,
2024-01-17 09:00:00,-23.9,67,1.08,326,,0,Магадан,59.91,150.72,
2024-01-17 10:00:00,-23.5,66,0.67,27,,0,Магадан,59.91,150.72,
2024-01-17 11:00:00,-23.3,65,0.78,50,,0,Магадан,59.91,150.72,
2024-01-17 12:00:00,-23.3,64,0.36,124,,0,Магадан,59.91,150.72,
2024-01-17 13:00:00,-22.8,61,0.58,121,,0,Магадан,59.91,150.72,
2024-01-17 14:00:00,-22.4,61,0.73,106,,0,Магадан,59.91,150.72,
2024-01-17 15:00:00,-22.6,64,0.7,90,,1,Магадан,59.91,150.72,
2024-01-17 16:00:00,-23.0,75,0.42,135,,8,Магадан,59.91,150.72,
2024-01-17 17:00:00,-22.9,71,0.72,124,,5,Магадан,59.91,150.72,
2024-01-17 18:00:00,-22.4,67,1.12,117,,2,Магадан,59.91,150.72,
2024-01-17 19:00:00,-22.1,65,1.21,114,,2,Магадан,59.91,150.72,
2024-01-17 20:00:00,-21.8,63,1.3,122,,1,Магадан,59.91,150.72,
2024-01-17 21:00:00,-21.6,61,1.53,122,,1,Магадан,59.91,150.72,
2024-01-17 22:00:00,-21.3,58,1.58,125,,0,Магадан,59.91,150.72,
2024-01-17 23:00:00,-21.1,58,1.7,118,,0,Магадан,59.91,150.72,
2024-01-18 00:00:00,-20.9,57,1.7,130,,0,Магадан,59.91,150.72,
2024-01-18 01:00:00,-20.8,57,1.84,119,,1,Магадан,59.91,150.72,
2024-01-18 02:00:00,-20.9,59,2.28,113,,3,Магадан,59.91,150.72,
2024-01-18 03:00:00,-23.8,67,2.51,119,,0,Магадан,59.91,150.72,
2024-01-18 04:00:00,-19.5,61,2.02,110,,99,Магадан,59.91,150.72,
2024-01-18 05:00:00,-20.5,66,2.12,98,,84,Магадан,59.91,150.72,
2024-01-18 06:00:00,-19.1,64,2.21,95,,100,Магадан,59.91,150.72,
2024-01-18 07:00:00,-18.3,61,2.2,87,,15,Магадан,59.91,150.72,
2024-01-18 08:00:00,-21.1,66,2.93,98,,22,Магадан,59.91,150.72,
2024-01-18 09:00:00,-23.5,68,3.9,91,,24,Магадан,59.91,150.72,
2024-01-18 10:00:00,-21.7,62,3.95,99,,57,Магадан,59.91,150.72,
2024-01-18 11:00:00,-18.1,58,3.29,110,,100,Магадан,59.91,150.72,
2024-01-18 12:00:00,-14.3,61,3.72,114,,100,Магадан,59.91,150.72,
2024-01-18 13:00:00,-13.2,64,4.43,118,,100,Магадан,59.91,150.72,
2024-01-18 14:00:00,-13.5,67,4.52,115,,100,Магадан,59.91,150.72,
2024-01-18 15:00:00,-13.8,72,4.16,117,,100,Магадан,59.91,150.72,
2024-01-18 16:00:00,-13.2,73,4.17,120,,100,Магадан,59.91,150.72,
2024-01-18 17:00:00,-13.4,74,3.94,120,,100,Магадан,59.91,150.72,
2024-01-18 18:00:00,-13.4,74,3.8,117,,100,Магадан,59.91,150.72,
2024-01-18 19:00:00,-13.3,74,3.67,116,,100,Магадан,59.91,150.72,
2024-01-18 20:00:00,-13.8,75,3.0,116,,100,Магадан,59.91,150.72,
2024-01-18 21:00:00,-13.9,75,2.19,114,,99,Магадан,59.91,150.72,
2024-01-18 22:00:00,-15.1,76,2.09,107,,97,Магадан,59.91,150.72,
2024-01-18 23:00:00,-16.2,78,2.38,105,,95,Магадан,59.91,150.72,
2024-01-19 00:00:00,-16.9,79,2.53,99,,97,Магадан,59.91,150.72,
2024-01-19 01:00:00,-16.8,79,2.53,99,,99,Магадан,59.91,150.72,
2024-01-19 02:00:00,-16.2,78,2.75,100,,98,Магадан,59.91,150.72,
2024-01-19 03:00:00,-15.7,76,2.72,96,,98,Магадан,59.91,150.72,
2024-01-19 04:00:00,-13.3,72,1.93,69,,99,Магадан,59.91,150.72,
2024-01-19 05:00:00,-12.7,70,2.0,90,,98,Магадан,59.91,150.72,
2024-01-19 06:00:00,-12.8,73,2.31,95,,100,Магадан,59.91,150.72,
2024-01-19 07:00:00,-12.4,72,2.32,97,,100,Магадан,59.91,150.72,
2024-01-19 08:00:00,-13.4,71,2.53,99,,99,Магадан,59.91,150.72,
2024-01-19 09:00:00,-14.5,70,2.77,103,,96,Магадан,59.91,150.72,
2024-01-19 10:00:00,-14.8,65,2.51,113,,66,Магадан,59.91,150.72,
2024-01-19 11:00:00,-12.3,54,1.66,123,,97,Магадан,59.91,150.72,
2024-01-19 12:00:00,-11.9,52,0.72,146,,97,Магадан,59.91,150.72,
2024-01-19 13:00:00,-12.3,54,0.1,180,,88,Магадан,59.91,150.72,
2024-01-19 14:00:00,-12.8,56,0.51,281,,67,Магадан,59.91,150.72,
2024-01-19 15:00:00,-13.3,59,0.32,162,,27,Магадан,59.91,150.72,
2024-01-19 16:00:00,-14.2,62,0.36,236,,39,Магадан,59.91,150.72,
2024-01-19 17:00:00,-14.8,64,0.22,153,,33,Магадан,59.91,150.72,
2024-01-19 18:00:00,-14.9,63,0.28,135,,35,Магадан,59.91,150.72,
2024-01-19 19:00:00,-15.5,67,0.5,270,,35,Магадан,59.91,150.72,
2024-01-19 20:00:00,-16.1,70,0.54,292,,48,Магадан,59.91,150.72,
2024-01-19 21:00:00,-16.2,70,0.32,288,,49,Магадан,59.91,150.72,
2024-01-19 22:00:00,-16.4,71,0.45,243,,53,Магадан,59.91,150.72,
2024-01-19 23:00:00,-16.8,72,0.42,225,,59,Магадан,59.91,150.72,
2024-01-16 00:00:00,-5.2,86,5.5,178,,100,Нижний_Новгород,56.23,43.78,
2024-01-16 01:00:00,-4.8,86,5.7,180,,100,Нижний_Новгород,56.23,43.78,
2024-01-16 02:00:00,-4.4,87,6.0,180,,100,Нижний_Новгород,56.23,43.78,
2024-01-16 03:00:00,-4.0,86,6.11,184,,100,Нижний_Новгород,56.23,43.78,
2024-01-16 04:00:00,-5.0,85,5.9,178,,100,Нижний_Новгород,56.23,43.78,
2024-01-16 05:00:00,-4.1,85,6.2,181,,100,Нижний_Новгород,56.23,43.78,
2024-01-16 06:00:00,-3.5,84,6.21,184,,100,Нижний_Новгород,56.23,43.78,
2024-01-16 07:00:00,-3.0,85,6.62,184,,100,Нижний_Новгород,56.23,43.78,
2024-01-16 08:00:00,-2.8,84,6.84,192,,100,Нижний_Новгород,56.23,43.78,
2024-01-16 09:00:00,-2.7,84,6.61,190,,100,Нижний_Новгород,56.23,43.78,
2024-01-16 10:00:00,-2.6,84,6.54,186,,100,Нижний_Новгород,56.23,43.78,
2024-01-16 11:00:00,-2.5,85,6.1,180,,100,Нижний_Новгород,56.23,43.78,
2024-01-16 12:00:00,-2.2,85,5.9,179,,100,Нижний_Новгород,56.23,43.78,
2024-01-16 13:00:00,-2.0,85,5.61,176,,100,Нижний_Новгород,56.23,43.78,
2024-01-16 14:00:00,-1.9,85,4.75,172,,100,Нижний_Новгород,56.23,43.78,
2024-01-16 15:00:00,-1.9,87,4.11,162,,100,Нижний_Новгород,56.23,43.78,
2024-01-16 16:00:00,-2.0,91,4.42,142,,100,Нижний_Новгород,56.23,43.78,
2024-01-16 17:00:00,-1.8,93,3.98,129,,100,Нижний_Новгород,56.23,43.78,
2024-01-16 18:00:00,-1.5,95,3.64,111,,100,Нижний_Новгород,56.23,43.78,
2024-01-16 19:00:00,-0.1,95,4.74,136,,100,Нижний_Новгород,56.23,43.78,
2024-01-16 20:00:00,1.2,91,7.37,172,,100,Нижний_Новгород,56.23,43.78,
2024-01-16 21:00:00,1.0,91,7.21,177,,100,Нижний_Новгород,56.23,43.78,
2024-01-16 22:00:00,1.0,91,6.4,182,,100,Нижний_Новгород,56.23,43.78,
2024-01-16 23:00:00,0.7,94,4.82,222,,100,Нижний_Новгород,56.23,43.78,
2024-01-17 00:00:00,-1.7,94,5.81,266,,100,Нижний_Новгород,56.23,43.78,
2024-01-17 01:00:00,-2.2,92,5.48,255,,100,Нижний_Новгород,56.23,43.78,
2024-01-17 02:00:00,-2.6,91,5.57,249,,100,Нижний_Новгород,56.23,43.78,
2024-01-17 03:00:00,-2.7,90,5.44,238,,100,Нижний_Новгород,56.23,43.78,
2024-01-17 04:00:00,-2.7,89,4.12,231,,100,Нижний_Новгород,56.23,43.78,
2024-01-17 05:00:00,-2.8,85,5.09,225,,93,Нижний_Новгород,56.23,43.78,
2024-01-17 06:00:00,-3.5,86,4.28,217,,63,Нижний_Новгород,56.23,43.78,
2024-01-17 07:00:00,-4.8,88,4.74,224,,100,Нижний_Новгород,56.23,43.78,
2024-01-17 08:00:00,-4.7,89,5.17,227,,100,Нижний_Новгород,56.23,43.78,
2024-01-17 09:00:00,-4.6,89,4.46,226,,100,Нижний_Новгород,56.23,43.78,
2024-01-17 10:00:00,-4.2,87,6.08,234,,100,Нижний_Новгород,56.23,43.78,
2024-01-17 11:00:00,-5.8,79,6.94,234,,100,Нижний_Новгород,56.23,43.78,
2024-01-17 12:00:00,-6.3,78,6.1,229,,100,Нижний_Новгород,56.23,43.78,
2024-01-17 13:00:00,-6.6,77,6.31,229,,100,Нижний_Новгород,56.23,43.78,
2024-01-17 14:00:00,-6.9,76,6.12,232,,100,Нижний_Новгород,56.23,43.78,
2024-01-17 15:00:00,-7.4,75,5.84,232,,100,Нижний_Новгород,56.23,43.78,
2024-01-17 16:00:00,-6.9,77,5.9,231,,100,Нижний_Новгород,56.23,43.78,
2024-01-17 17:00:00,-7.8,77,5.88,238,,100,Нижний_Новгород,56.23,43.78,
2024-01-17 18:00:00,-8.6,78,5.73,245,,100,Нижний_Новгород,56.23,43.78,
2024-01-17 19:00:00,-9.2,78,5.83,248,,100,Нижний_Новгород,56.23,43.78,
2024-01-17 20:00:00,-10.1,78,5.72,251,,100,Нижний_Новгород,56.23,43.78,
2024-01-17 21:00:00,-10.6,78,5.81,259,,100,Нижний_Новгород,56.23,43.78,
2024-01-17 22:00:00,-11.6,77,5.71,266,,99,Нижний_Новгород,56.23,43.78,
2024-01-17 23:00:00,-12.6,77,4.84,263,,99,Нижний_Новгород,56.23,43.78,
2024-01-18 00:00:00,-13.2,78,4.61,257,,87,Нижний_Новгород,56.23,43.78,
2024-01-18 01:00:00,-13.4,78,4.79,259,,48,Нижний_Новгород,56.23,43.78,
2024-01-18 02:00:00,-14.5,78,4.61,257,,2,Нижний_Новгород,56.23,43.78,
2024-01-18 03:00:00,-15.9,79,4.27,254,,0,Нижний_Новгород,56.23,43.78,
2024-01-18 04:00:00,-15.8,79,4.43,252,,8,Нижний_Новгород,56.23,43.78,
2024-01-18 05:00:00,-17.0,80,4.05,254,,0,Нижний_Новгород,56.23,43.78,
2024-01-18 06:00:00,-17.6,82,3.91,257,,1,Нижний_Новгород,56.23,43.78,
2024-01-18 07:00:00,-18.0,83,3.59,257,,99,Нижний_Новгород,56.23,43.78,
2024-01-18 08:00:00,-17.8,83,3.45,253,,100,Нижний_Новгород,56.23,43.78,
2024-01-18 09:00:00,-16.6,82,3.86,249,,100,Нижний_Новгород,56.23,43.78,
2024-01-18 10:00:00,-15.2,80,3.83,250,,100,Нижний_Новгород,56.23,43.78,
2024-01-18 11:00:00,-14.1,80,2.47,249,,100,Нижний_Новгород,56.23,43.78,
2024-01-18 12:00:00,-13.7,78,2.22,216,,100,Нижний_Новгород,56.23,43.78,
2024-01-18 13:00:00,-13.4,77,2.04,191,,100,Нижний_Новгород,56.23,43.78,
2024-01-18 14:00:00,-13.2,78,2.06,151,,100,Нижний_Новгород,56.23,43.78,
2024-01-18 15:00:00,-13.4,79,3.18,156,,100,Нижний_Новгород,56.23,43.78,
2024-01-18 16:00:00,-13.9,79,3.77,158,,100,Нижний_Новгород,56.23,43.78,
2024-01-18 17:00:00,-14.0,79,4.59,160,,100,Нижний_Новгород,56.23,43.78,
2024-01-18 18:00:00,-13.8,79,5.28,151,,100,Нижний_Новгород,56.23,43.78,
2024-01-18 19:00:00,-13.0,77,6.12,142,,100,Нижний_Новгород,56.23,43.78,
2024-01-18 20:00:00,-12.2,72,6.91,149,,100,Нижний_Новгород,56.23,43.78,
2024-01-18 21:00:00,-11.6,71,7.58,149,,100,Нижний_Новгород,56.23,43.78,
2024-01-18 22:00:00,-10.8,73,8.13,148,,100,Нижний_Новгород,56.23,43.78,
2024-01-18 23:00:00,-9.9,76,9.28,150,,100,Нижний_Новгород,56.23,43.78,
2024-01-19 00:00:00,-9.1,78,9.18,156,,100,Нижний_Новгород,56.23,43.78,
2024-01-19 01:00:00,-8.2,81,9.21,159,,100,Нижний_Новгород,56.23,43.78,
2024-01-19 02:00:00,-7.7,82,9.23,162,,100,Нижний_Новгород,56.23,43.78,
2024-01-19 03:00:00,-6.8,83,8.97,166,,100,Нижний_Новгород,56.23,43.78,
2024-01-19 04:00:00,-6.1,84,8.15,174,,100,Нижний_Новгород,56.23,43.78,
2024-01-19 05:00:00,-4.1,87,7.71,177,,100,Нижний_Новгород,56.23,43.78,
2024-01-19 06:00:00,-1.9,88,7.3,181,,100,Нижний_Новгород,56.23,43.78,
2024-01-19 07:00:00,-0.1,90,7.06,187,,100,Нижний_Новгород,56.23,43.78,
2024-01-19 08:00:00,1.1,91,7.06,196,,100,Нижний_Новгород,56.23,43.78,
2024-01-19 09:00:00,1.4,92,6.99,199,,100,Нижний_Новгород,56.23,43.78,
2024-01-19 10:00:00,1.5,92,6.56,201,,100,Нижний_Новгород,56.23,43.78,
2024-01-19 11:00:00,1.4,93,6.18,203,,100,Нижний_Новгород,56.23,43.78,
2024-01-19 12:00:00,1.4,93,5.55,203,,100,Нижний_Новгород,56.23,43.78,
2024-01-19 13:00:00,1.3,94,5.06,205,,100,Нижний_Новгород,56.23,43.78,
2024-01-19 14:00:00,1.0,95,4.36,212,,100,Нижний_Новгород,56.23,43.78,
2024-01-19 15:00:00,0.9,96,3.83,229,,100,Нижний_Новгород,56.23,43.78,
2024-01-19 16:00:00,0.4,98,3.27,293,,100,Нижний_Новгород,56.23,43.78,
2024-01-19 17:00:00,-1.2,93,3.31,331,,100,Нижний_Новгород,56.23,43.78,
2024-01-19 18:00:00,-1.5,93,2.48,310,,100,Нижний_Новгород,56.23,43.78,
2024-01-19 19:00:00,-2.0,92,2.69,301,,100,Нижний_Новгород,56.23,43.78,
2024-01-19 20:00:00,-2.8,91,3.36,300,,100,Нижний_Новгород,56.23,43.78,
2024-01-19 21:00:00,-3.9,90,3.55,302,,100,Нижний_Новгород,56.23,43.78,
2024-01-19 22:00:00,-4.6,88,3.12,310,,100,Нижний_Новгород,56.23,43.78,
2024-01-19 23:00:00,-5.1,88,2.27,311,,100,Нижний_Новгород,56.23,43.78,
2024-01-16 00:00:00,-8.0,91,1.97,30,,100,Пулково,59.8,30.265,
2024-01-16 01:00:00,-7.8,91,2.02,20,,100,Пулково,59.8,30.265,
2024-01-16 02:00:00,-7.8,91,2.38,15,,100,Пулково,59.8,30.265,
2024-01-16 03:00:00,-7.7,92,2.47,14,,100,Пулково,59.8,30.265,
2024-01-16 04:00:00,-9.1,91,2.53,18,,100,Пулково,59.8,30.265,
2024-01-16 05:00:00,-8.8,90,2.6,16,,100,Пулково,59.8,30.265,
2024-01-16 06:00:00,-8.4,90,2.83,8,,100,Пулково,59.8,30.265,
2024-01-16 07:00:00,-8.3,90,3.3,358,,100,Пулково,59.8,30.265,
2024-01-16 08:00:00,-8.3,90,3.51,355,,100,Пулково,59.8,30.265,
2024-01-16 09:00:00,-8.6,88,3.61,357,,100,Пулково,59.8,30.265,
2024-01-16 10:00:00,-8.9,87,3.32,353,,100,Пулково,59.8,30.265,
2024-01-16 11:00:00,-9.4,87,3.32,339,,100,Пулково,59.8,30.265,
2024-01-16 12:00:00,-9.8,87,3.72,329,,100,Пулково,59.8,30.265,
2024-01-16 13:00:00,-10.3,86,4.12,321,,100,Пулково,59.8,30.265,
2024-01-16 14:00:00,-10.8,86,4.38,315,,100,Пулково,59.8,30.265,
2024-01-16 15:00:00,-11.2,84,4.88,313,,100,Пулково,59.8,30.265,
2024-01-16 16:00:00,-12.6,84,4.55,310,,100,Пулково,59.8,30.265,
2024-01-16 17:00:00,-12.9,82,4.9,309,,100,Пулково,59.8,30.265,
2024-01-16 18:00:00,-13.5,82,5.61,310,,100,Пулково,59.8,30.265,
2024-01-16 19:00:00,-14.5,82,5.56,308,,100,Пулково,59.8,30.265,
2024-01-16 20:00:00,-14.9,80,5.75,310,,100,Пулково,59.8,30.265,
2024-01-16 21:00:00,-15.4,80,5.84,308,,100,Пулково,59.8,30.265,
2024-01-16 22:00:00,-15.4,80,6.36,307,,100,Пулково,59.8,30.265,
2024-01-16 23:00:00,-15.6,80,6.44,306,,100,Пулково,59.8,30.265,
2024-01-17 00:00:00,-15.9,80,6.46,305,,100,Пулково,59.8,30.265,
2024-01-17 01:00:00,-16.0,80,6.19,304,,100,Пулково,59.8,30.265,
2024-01-17 02:00:00,-15.9,80,6.13,304,,100,Пулково,59.8,30.265,
2024-01-17 03:00:00,-15.9,80,5.83,301,,98,Пулково,59.8,30.265,
2024-01-17 04:00:00,-16.0,82,5.9,296,,100,Пулково,59.8,30.265,
2024-01-17 05:00:00,-15.8,82,5.73,295,,100,Пулково,59.8,30.265,
2024-01-17 06:00:00,-15.7,82,5.42,293,,100,Пулково,59.8,30.265,
2024-01-17 07:00:00,-15.9,83,4.81,287,,100,Пулково,59.8,30.265,
2024-01-17 08:00:00,-15.6,84,4.61,283,,99,Пулково,59.8,30.265,
2024-01-17 09:00:00,-15.3,85,4.16,280,,100,Пулково,59.8,30.265,
2024-01-17 10:00:00,-13.8,85,3.67,281,,100,Пулково,59.8,30.265,
2024-01-17 11:00:00,-12.1,85,2.92,276,,100,Пулково,59.8,30.265,
2024-01-17 12:00:00,-10.2,84,3.92,276,,100,Пулково,59.8,30.265,
2024-01-17 13:00:00,-9.4,85,3.61,265,,89,Пулково,59.8,30.265,
2024-01-17 14:00:00,-8.6,82,3.14,261,,100,Пулково,59.8,30.265,
2024-01-17 15:00:00,-7.8,84,2.3,236,,96,Пулково,59.8,30.265,
2024-01-17 16:00:00,-8.1,84,2.52,214,,84,Пулково,59.8,30.265,
2024-01-17 17:00:00,-8.6,82,3.7,218,,86,Пулково,59.8,30.265,
2024-01-17 18:00:00,-9.6,84,3.86,217,,11,Пулково,59.8,30.265,
2024-01-17 19:00:00,-11.2,85,4.05,213,,0,Пулково,59.8,30.265,
2024-01-17 20:00:00,-12.1,83,4.48,204,,0,Пулково,59.8,30.265,
2024-01-17 21:00:00,-12.7,83,5.03,197,,1,Пулково,59.8,30.265,
2024-01-17 22:00:00,-13.4,83,5.06,189,,0,Пулково,59.8,30.265,
2024-01-17 23:00:00,-13.8,80,5.2,181,,0,Пулково,59.8,30.265,
2024-01-18 00:00:00,-14.1,78,5.31,177,,0,Пулково,59.8,30.265,
2024-01-18 01:00:00,-13.9,76,5.43,174,,17,Пулково,59.8,30.265,
2024-01-18 02:00:00,-13.8,75,5.55,166,,100,Пулково,59.8,30.265,
2024-01-18 03:00:00,-13.4,74,5.47,162,,100,Пулково,59.8,30.265,
2024-01-18 04:00:00,-12.6,73,5.82,161,,99,Пулково,59.8,30.265,
2024-01-18 05:00:00,-12.5,71,6.13,156,,100,Пулково,59.8,30.265,
2024-01-18 06:00:00,-12.1,69,6.96,159,,100,Пулково,59.8,30.265,
2024-01-18 07:00:00,-11.8,68,7.08,157,,100,Пулково,59.8,30.265,
2024-01-18 08:00:00,-11.1,67,7.29,153,,100,Пулково,59.8,30.265,
2024-01-18 09:00:00,-10.4,67,7.62,150,,100,Пулково,59.8,30.265,
2024-01-18 10:00:00,-9.9,67,7.72,149,,100,Пулково,59.8,30.265,
2024-01-18 11:00:00,-9.5,66,7.96,153,,100,Пулково,59.8,30.265,
2024-01-18 12:00:00,-9.1,70,7.92,154,,100,Пулково,59.8,30.265,
2024-01-18 13:00:00,-8.8,74,7.74,155,,100,Пулково,59.8,30.265,
2024-01-18 14:00:00,-8.4,76,7.7,155,,100,Пулково,59.8,30.265,
2024-01-18 15:00:00,-8.0,78,7.3,157,,100,Пулково,59.8,30.265,
2024-01-18 16:00:00,-8.1,80,6.11,159,,100,Пулково,59.8,30.265,
2024-01-18 17:00:00,-7.9,81,5.95,163,,100,Пулково,59.8,30.265,
2024-01-18 18:00:00,-7.7,81,5.67,171,,100,Пулково,59.8,30.265,
2024-01-18 19:00:00,-7.5,81,5.7,178,,100,Пулково,59.8,30.265,
2024-01-18 20:00:00,-7.4,82,5.41,184,,100,Пулково,59.8,30.265,
2024-01-18 21:00:00,-7.2,83,5.12,192,,100,Пулково,59.8,30.265,
2024-01-18 22:00:00,-6.9,83,4.71,192,,100,Пулково,59.8,30.265,
2024-01-18 23:00:00,-6.6,85,4.8,181,,100,Пулково,59.8,30.265,
2024-01-19 00:00:00,-6.1,85,5.35,188,,100,Пулково,59.8,30.265,
2024-01-19 01:00:00,-5.4,85,4.95,194,,100,Пулково,59.8,30.265,
2024-01-19 02:00:00,-4.7,86,4.68,200,,100,Пулково,59.8,30.265,
2024-01-19 03:00:00,-4.2,81,5.8,225,,94,Пулково,59.8,30.265,
2024-01-19 04:00:00,-4.6,81,6.08,225,,69,Пулково,59.8,30.265,
2024-01-19 05:00:00,-4.9,80,6.3,223,,23,Пулково,59.8,30.265,
2024-01-19 06:00:00,-5.2,80,6.59,221,,100,Пулково,59.8,30.265,
2024-01-19 07:00:00,-4.4,80,7.22,223,,100,Пулково,59.8,30.265,
2024-01-19 08:00:00,-4.2,80,7.02,234,,100,Пулково,59.8,30.265,
2024-01-19 09:00:00,-4.2,79,6.55,236,,100,Пулково,59.8,30.265,
2024-01-19 10:00:00,-4.1,78,7.16,234,,99,Пулково,59.8,30.265,
2024-01-19 11:00:00,-4.6,77,6.97,231,,41,Пулково,59.8,30.265,
2024-01-19 12:00:00,-4.4,76,6.94,229,,30,Пулково,59.8,30.265,
2024-01-19 13:00:00,-4.2,76,6.86,224,,17,Пулково,59.8,30.265,
2024-01-19 14:00:00,-4.2,76,6.74,229,,94,Пулково,59.8,30.265,
2024-01-19 15:00:00,-4.3,73,6.94,227,,65,Пулково,59.8,30.265,
2024-01-19 16:00:00,-4.5,78,6.31,245,,100,Пулково,59.8,30.265,
2024-01-19 17:00:00,-4.8,83,5.51,254,,100,Пулково,59.8,30.265,
2024-01-19 18:00:00,-5.2,83,5.26,256,,100,Пулково,59.8,30.265,
2024-01-19 19:00:00,-5.2,80,5.36,256,,100,Пулково,59.8,30.265,
2024-01-19 20:00:00,-5.4,82,4.9,269,,100,Пулково,59.8,30.265,
2024-01-19 21:00:00,-6.4,78,5.43,283,,100,Пулково,59.8,30.265,
2024-01-19 22:00:00,-7.8,77,5.12,287,,100,Пулково,59.8,30.265,
2024-01-19 23:00:00,-9.9,83,4.58,302,,100,Пулково,59.8,30.265,
2024-01-16 00:00:00,9.1,31,5.82,106,,100,Сочи,43.45,39.9565,
2024-01-16 01:00:00,10.1,32,6.07,110,,100,Сочи,43.45,39.9565,
2024-01-16 02:00:00,11.1,32,6.75,115,,100,Сочи,43.45,39.9565,
2024-01-16 03:00:00,12.0,29,7.58,126,,55,Сочи,43.45,39.9565,
2024-01-16 04:00:00,11.9,29,7.7,128,,80,Сочи,43.45,39.9565,
2024-01-16 05:00:00,11.9,27,7.64,127,,91,Сочи,43.45,39.9565,
2024-01-16 06:00:00,12.1,28,7.83,118,,57,Сочи,43.45,39.9565,
2024-01-16 07:00:00,10.8,34,6.36,114,,100,Сочи,43.45,39.9565,
2024-01-16 08:00:00,10.9,35,6.24,112,,100,Сочи,43.45,39.9565,
2024-01-16 09:00:00,11.5,40,6.8,110,,100,Сочи,43.45,39.9565,
2024-01-16 10:00:00,13.2,39,8.14,116,,100,Сочи,43.45,39.9565,
2024-01-16 11:00:00,14.4,35,9.3,122,,100,Сочи,43.45,39.9565,
2024-01-16 12:00:00,14.8,34,9.22,127,,100,Сочи,43.45,39.9565,
2024-01-16 13:00:00,14.8,34,9.3,130,,100,Сочи,43.45,39.9565,
2024-01-16 14:00:00,14.4,37,9.3,122,,96,Сочи,43.45,39.9565,
2024-01-16 15:00:00,14.4,38,8.77,114,,100,Сочи,43.45,39.9565,
2024-01-16 16:00:00,13.6,37,9.77,133,,100,Сочи,43.45,39.9565,
2024-01-16 17:00:00,10.8,64,9.76,136,,100,Сочи,43.45,39.9565,
2024-01-16 18:00:00,9.5,75,9.26,116,,100,Сочи,43.45,39.9565,
2024-01-16 19:00:00,9.7,76,7.15,110,,100,Сочи,43.45,39.9565,
2024-01-16 20:00:00,10.3,76,5.61,121,,100,Сочи,43.45,39.9565,
2024-01-16 21:00:00,10.4,77,5.82,145,,100,Сочи,43.45,39.9565,
2024-01-16 22:00:00,9.9,79,6.58,136,,100,Сочи,43.45,39.9565,
2024-01-16 23:00:00,9.6,81,8.53,129,,100,Сочи,43.45,39.9565,
2024-01-17 00:00:00,9.8,77,5.19,140,,99,Сочи,43.45,39.9565,
2024-01-17 01:00:00,9.9,78,5.53,139,,100,Сочи,43.45,39.9565,
2024-01-17 02:00:00,9.8,80,2.86,168,,98,Сочи,43.45,39.9565,
2024-01-17 03:00:00,8.2,93,1.3,270,,100,Сочи,43.45,39.9565,
2024-01-17 04:00:00,8.2,94,1.08,34,,100,Сочи,43.45,39.9565,
2024-01-17 05:00:00,7.6,94,0.82,346,,100,Сочи,43.45,39.9565,
2024-01-17 06:00:00,6.4,96,0.9,360,,99,Сочи,43.45,39.9565,
2024-01-17 07:00:00,5.4,95,0.72,34,,100,Сочи,43.45,39.9565,
2024-01-17 08:00:00,5.6,90,0.14,45,,100,Сочи,43.45,39.9565,
2024-01-17 09:00:00,6.7,88,0.32,18,,96,Сочи,43.45,39.9565,
2024-01-17 10:00:00,7.9,89,1.03,331,,76,Сочи,43.45,39.9565,
2024-01-17 11:00:00,8.8,77,0.95,288,,23,Сочи,43.45,39.9565,
2024-01-17 12:00:00,9.5,69,1.4,266,,14,Сочи,43.45,39.9565,
2024-01-17 13:00:00,9.9,61,1.68,253,,5,Сочи,43.45,39.9565,
2024-01-17 14:00:00,10.1,56,1.75,239,,22,Сочи,43.45,39.9565,
2024-01-17 15:00:00,9.6,55,1.92,231,,64,Сочи,43.45,39.9565,
2024-01-17 16:00:00,8.2,61,1.48,242,,57,Сочи,43.45,39.9565,
2024-01-17 17:00:00,5.7,73,1.43,192,,1,Сочи,43.45,39.9565,
2024-01-17 18:00:00,4.1,79,2.0,143,,4,Сочи,43.45,39.9565,
2024-01-17 19:00:00,3.4,80,1.3,90,,14,Сочи,43.45,39.9565,
2024-01-17 20:00:00,3.0,80,0.73,74,,13,Сочи,43.45,39.9565,
2024-01-17 21:00:00,2.6,76,1.08,68,,16,Сочи,43.45,39.9565,
2024-01-17 22:00:00,1.7,77,1.39,60,,14,Сочи,43.45,39.9565,
2024-01-17 23:00:00,1.1,74,1.75,59,,20,Сочи,43.45,39.9565,
2024-01-18 00:00:00,1.2,68,2.39,57,,12,Сочи,43.45,39.9565,
2024-01-18 01:00:00,2.7,63,3.0,60,,21,Сочи,43.45,39.9565,
2024-01-18 02:00:00,3.2,61,3.09,61,,37,Сочи,43.45,39.9565,
2024-01-18 03:00:00,3.4,60,2.91,63,,48,Сочи,43.45,39.9565,
2024-01-18 04:00:00,3.9,58,2.64,61,,53,Сочи,43.45,39.9565,
2024-01-18 05:00:00,3.5,61,2.52,56,,48,Сочи,43.45,39.9565,
2024-01-18 06:00:00,3.6,62,2.52,56,,24,Сочи,43.45,39.9565,
2024-01-18 07:00:00,3.6,62,2.3,56,,13,Сочи,43.45,39.9565,
2024-01-18 08:00:00,3.5,62,2.72,54,,26,Сочи,43.45,39.9565,
2024-01-18 09:00:00,4.9,64,3.05,49,,37,Сочи,43.45,39.9565,
2024-01-18 10:00:00,8.3,65,2.62,40,,80,Сочи,43.45,39.9565,
2024-01-18 11:00:00,11.8,64,1.39,30,,56,Сочи,43.45,39.9565,
2024-01-18 12:00:00,13.6,58,0.71,188,,88,Сочи,43.45,39.9565,
2024-01-18 13:00:00,14.3,56,2.06,166,,95,Сочи,43.45,39.9565,
2024-01-18 14:00:00,14.7,52,2.82,163,,23,Сочи,43.45,39.9565,
2024-01-18 15:00:00,14.6,55,2.68,153,,95,Сочи,43.45,39.9565,
2024-01-18 16:00:00,13.0,65,1.7,140,,79,Сочи,43.45,39.9565,
2024-01-18 17:00:00,9.8,70,1.75,121,,72,Сочи,43.45,39.9565,
2024-01-18 18:00:00,8.9,62,1.6,90,,99,Сочи,43.45,39.9565,
2024-01-18 19:00:00,7.9,59,2.06,76,,100,Сочи,43.45,39.9565,
2024-01-18 20:00:00,8.3,55,1.94,78,,100,Сочи,43.45,39.9565,
2024-01-18 21:00:00,7.7,53,2.18,74,,100,Сочи,43.45,39.9565,
2024-01-18 22:00:00,9.1,48,2.2,87,,91,Сочи,43.45,39.9565,
2024-01-18 23:00:00,8.3,50,2.11,95,,100,Сочи,43.45,39.9565,
2024-01-19 00:00:00,8.6,48,2.06,104,,100,Сочи,43.45,39.9565,
2024-01-19 01:00:00,8.3,47,2.21,108,,100,Сочи,43.45,39.9565,
2024-01-19 02:00:00,8.9,44,2.6,113,,100,Сочи,43.45,39.9565,
2024-01-19 03:00:00,10.1,38,3.62,114,,100,Сочи,43.45,39.9565,
2024-01-19 04:00:00,11.4,34,5.33,124,,81,Сочи,43.45,39.9565,
2024-01-19 05:00:00,14.0,27,7.23,131,,100,Сочи,43.45,39.9565,
2024-01-19 06:00:00,15.0,28,6.37,136,,100,Сочи,43.45,39.9565,
2024-01-19 07:00:00,13.6,37,5.26,141,,100,Сочи,43.45,39.9565,
2024-01-19 08:00:00,12.1,47,4.3,126,,100,Сочи,43.45,39.9565,
2024-01-19 09:00:00,11.1,61,3.08,103,,100,Сочи,43.45,39.9565,
2024-01-19 10:00:00,11.1,72,2.0,90,,100,Сочи,43.45,39.9565,
2024-01-19 11:00:00,12.4,71,2.75,80,,80,Сочи,43.45,39.9565,
2024-01-19 12:00:00,16.2,51,3.83,131,,99,Сочи,43.45,39.9565,
2024-01-19 13:00:00,15.3,51,4.67,133,,100,Сочи,43.45,39.9565,
2024-01-19 14:00:00,13.7,66,3.32,106,,100,Сочи,43.45,39.9565,
2024-01-19 15:00:00,13.6,71,2.52,97,,100,Сочи,43.45,39.9565,
2024-01-19 16:00:00,13.6,62,3.49,114,,100,Сочи,43.45,39.9565,
2024-01-19 17:00:00,12.7,61,3.8,117,,100,Сочи,43.45,39.9565,
2024-01-19 18:00:00,12.0,65,4.34,98,,98,Сочи,43.45,39.9565,
2024-01-19 19:00:00,11.2,70,3.54,98,,100,Сочи,43.45,39.9565,
2024-01-19 20:00:00,11.0,71,4.24,82,,100,Сочи,43.45,39.9565,
2024-01-19 21:00:00,10.0,80,4.55,57,,98,Сочи,43.45,39.9565,
2024-01-19 22:00:00,9.8,80,5.02,59,,61,Сочи,43.45,39.9565,
2024-01-19 23:00:00,10.7,77,4.83,63,,96,Сочи,43.45,39.9565,
2024-01-16 00:00:00,-25.0,76,2.87,209,,22,Толмачёво,55.0125,82.65,
2024-01-16 01:00:00,-25.5,76,2.56,201,,16,Толмачёво,55.0125,82.65,
2024-01-16 02:00:00,-25.9,76,2.62,198,,18,Толмачёво,55.0125,82.65,
2024-01-16 03:00:00,-26.2,76,2.66,200,,5,Толмачёво,55.0125,82.65,
2024-01-16 04:00:00,-26.2,77,2.69,195,,7,Толмачёво,55.0125,82.65,
2024-01-16 05:00:00,-26.6,77,2.69,195,,3,Толмачёво,55.0125,82.65,
2024-01-16 06:00:00,-26.9,76,2.75,190,,5,Толмачёво,55.0125,82.65,
2024-01-16 07:00:00,-26.0,76,2.91,196,,4,Толмачёво,55.0125,82.65,
2024-01-16 08:00:00,-24.6,73,2.4,197,,0,Толмачёво,55.0125,82.65,
2024-01-16 09:00:00,-23.4,71,2.95,204,,0,Толмачёво,55.0125,82.65,
2024-01-16 10:00:00,-22.5,71,3.14,211,,0,Толмачёво,55.0125,82.65,
2024-01-16 11:00:00,-21.6,71,2.41,222,,0,Толмачёво,55.0125,82.65,
2024-01-16 12:00:00,-21.5,71,1.39,201,,0,Толмачёво,55.0125,82.65,
2024-01-16 13:00:00,-22.6,76,1.61,187,,0,Толмачёво,55.0125,82.65,
2024-01-16 14:00:00,-24.0,77,1.82,189,,0,Толмачёво,55.0125,82.65,
2024-01-16 15:00:00,-24.8,77,2.16,193,,0,Толмачёво,55.0125,82.65,
2024-01-16 16:00:00,-24.6,79,2.02,200,,0,Толмачёво,55.0125,82.65,
2024-01-16 17:00:00,-25.4,79,2.12,199,,0,Толмачёво,55.0125,82.65,
2024-01-16 18:00:00,-25.9,79,2.06,203,,0,Толмачёво,55.0125,82.65,
2024-01-16 19:00:00,-26.5,79,1.89,212,,0,Толмачёво,55.0125,82.65,
2024-01-16 20:00:00,-27.2,79,1.8,214,,0,Толмачёво,55.0125,82.65,
2024-01-16 21:00:00,-27.6,79,1.75,211,,0,Толмачёво,55.0125,82.65,
2024-01-16 22:00:00,-28.0,79,1.7,208,,0,Толмачёво,55.0125,82.65,
2024-01-16 23:00:00,-28.4,79,1.75,204,,0,Толмачёво,55.0125,82.65,
2024-01-17 00:00:00,-28.4,78,1.71,201,,94,Толмачёво,55.0125,82.65,
2024-01-17 01:00:00,-28.9,78,1.8,199,,99,Толмачёво,55.0125,82.65,
2024-01-17 02:00:00,-29.9,80,2.46,207,,100,Толмачёво,55.0125,82.65,
2024-01-17 03:00:00,-30.1,80,2.2,210,,33,Толмачёво,55.0125,82.65,
2024-01-17 04:00:00,-29.5,78,1.62,202,,98,Толмачёво,55.0125,82.65,
2024-01-17 05:00:00,-29.5,76,1.84,193,,50,Толмачёво,55.0125,82.65,
2024-01-17 06:00:00,-29.3,75,2.04,191,,48,Толмачёво,55.0125,82.65,
2024-01-17 07:00:00,-28.0,75,2.14,191,,52,Толмачёво,55.0125,82.65,
2024-01-17 08:00:00,-26.0,72,2.11,185,,73,Толмачёво,55.0125,82.65,
2024-01-17 09:00:00,-24.0,70,1.75,193,,92,Толмачёво,55.0125,82.65,
2024-01-17 10:00:00,-22.0,72,2.13,221,,100,Толмачёво,55.0125,82.65,
2024-01-17 11:00:00,-20.8,73,1.77,223,,100,Толмачёво,55.0125,82.65,
2024-01-17 12:00:00,-20.1,74,1.43,205,,100,Толмачёво,55.0125,82.65,
2024-01-17 13:00:00,-21.1,79,1.53,191,,100,Толмачёво,55.0125,82.65,
2024-01-17 14:00:00,-21.5,79,1.1,180,,99,Толмачёво,55.0125,82.65,
2024-01-17 15:00:00,-22.4,79,1.6,184,,100,Толмачёво,55.0125,82.65,
2024-01-17 16:00:00,-22.7,80,1.87,196,,94,Толмачёво,55.0125,82.65,
2024-01-17 17:00:00,-23.8,80,1.8,199,,51,Толмачёво,55.0125,82.65,
2024-01-17 18:00:00,-24.5,80,1.8,199,,16,Толмачёво,55.0125,82.65,
2024-01-17 19:00:00,-25.2,81,1.7,208,,37,Толмачёво,55.0125,82.65,
2024-01-17 20:00:00,-26.2,82,2.38,202,,62,Толмачёво,55.0125,82.65,
2024-01-17 21:00:00,-25.4,81,1.26,198,,92,Толмачёво,55.0125,82.65,
2024-01-17 22:00:00,-24.9,80,1.33,193,,89,Толмачёво,55.0125,82.65,
2024-01-17 23:00:00,-24.5,80,1.24,194,,99,Толмачёво,55.0125,82.65,
2024-01-18 00:00:00,-24.0,81,0.95,198,,99,Толмачёво,55.0125,82.65,
2024-01-18 01:00:00,-23.4,81,0.72,214,,100,Толмачёво,55.0125,82.65,
2024-01-18 02:00:00,-22.6,80,0.73,196,,100,Толмачёво,55.0125,82.65,
2024-01-18 03:00:00,-22.8,80,0.9,180,,100,Толмачёво,55.0125,82.65,
2024-01-18 04:00:00,-24.6,78,1.4,180,,100,Толмачёво,55.0125,82.65,
2024-01-18 05:00:00,-24.6,78,1.1,185,,100,Толмачёво,55.0125,82.65,
2024-01-18 06:00:00,-24.8,78,0.9,180,,100,Толмачёво,55.0125,82.65,
2024-01-18 07:00:00,-24.1,78,1.1,175,,100,Толмачёво,55.0125,82.65,
2024-01-18 08:00:00,-22.2,75,1.24,166,,100,Толмачёво,55.0125,82.65,
2024-01-18 09:00:00,-20.8,72,1.2,175,,99,Толмачёво,55.0125,82.65,
2024-01-18 10:00:00,-19.8,71,1.0,174,,99,Толмачёво,55.0125,82.65,
2024-01-18 11:00:00,-19.1,73,0.91,174,,99,Толмачёво,55.0125,82.65,
2024-01-18 12:00:00,-18.9,75,1.12,153,,98,Толмачёво,55.0125,82.65,
2024-01-18 13:00:00,-19.1,78,0.94,148,,100,Толмачёво,55.0125,82.65,
2024-01-18 14:00:00,-20.2,81,1.2,138,,100,Толмачёво,55.0125,82.65,
2024-01-18 15:00:00,-20.2,81,0.6,90,,97,Толмачёво,55.0125,82.65,
2024-01-18 16:00:00,-19.6,83,0.92,41,,97,Толмачёво,55.0125,82.65,
2024-01-18 17:00:00,-20.8,82,1.13,45,,88,Толмачёво,55.0125,82.65,
2024-01-18 18:00:00,-22.4,82,1.84,41,,84,Толмачёво,55.0125,82.65,
2024-01-18 19:00:00,-22.8,82,1.94,55,,82,Толмачёво,55.0125,82.65,
2024-01-18 20:00:00,-22.6,82,1.84,77,,73,Толмачёво,55.0125,82.65,
2024-01-18 21:00:00,-24.0,83,2.3,88,,72,Толмачёво,55.0125,82.65,
2024-01-18 22:00:00,-25.6,84,2.97,110,,42,Толмачёво,55.0125,82.65,
2024-01-18 23:00:00,-25.4,83,2.56,129,,39,Толмачёво,55.0125,82.65,
2024-01-19 00:00:00,-25.8,84,3.26,137,,57,Толмачёво,55.0125,82.65,
2024-01-19 01:00:00,-25.0,86,2.92,142,,27,Толмачёво,55.0125,82.65,
2024-01-19 02:00:00,-22.0,83,2.2,129,,93,Толмачёво,55.0125,82.65,
2024-01-19 03:00:00,-21.9,81,2.26,103,,94,Толмачёво,55.0125,82.65,
2024-01-19 04:00:00,-22.5,82,2.53,99,,100,Толмачёво,55.0125,82.65,
2024-01-19 05:00:00,-23.6,80,2.6,90,,100,Толмачёво,55.0125,82.65,
2024-01-19 06:00:00,-24.0,78,2.89,104,,100,Толмачёво,55.0125,82.65,
2024-01-19 07:00:00,-22.6,75,2.73,114,,100,Толмачёво,55.0125,82.65,
2024-01-19 08:00:00,-19.3,70,1.66,123,,100,Толмачёво,55.0125,82.65,
2024-01-19 09:00:00,-16.4,68,1.61,120,,100,Толмачёво,55.0125,82.65,
2024-01-19 10:00:00,-14.4,69,2.9,90,,100,Толмачёво,55.0125,82.65,
2024-01-19 11:00:00,-12.5,57,3.52,105,,100,Толмачёво,55.0125,82.65,
2024-01-19 12:00:00,-13.2,64,2.05,137,,98,Толмачёво,55.0125,82.65,
2024-01-19 13:00:00,-14.3,67,2.64,143,,95,Толмачёво,55.0125,82.65,
2024-01-19 14:00:00,-16.2,69,3.26,140,,100,Толмачёво,55.0125,82.65,
2024-01-19 15:00:00,-16.0,69,2.27,139,,100,Толмачёво,55.0125,82.65,
2024-01-19 16:00:00,-15.6,70,2.59,152,,100,Толмачёво,55.0125,82.65,
2024-01-19 17:00:00,-16.3,71,2.55,154,,100,Толмачёво,55.0125,82.65,
2024-01-19 18:00:00,-17.3,72,2.34,160,,100,Толмачёво,55.0125,82.65,
2024-01-19 19:00:00,-18.0,73,2.56,149,,100,Толмачёво,55.0125,82.65,
2024-01-19 20:00:00,-17.8,74,2.83,148,,100,Толмачёво,55.0125,82.65,
2024-01-19 21:00:00,-18.6,74,1.84,167,,100,Толмачёво,55.0125,82.65,
2024-01-19 22:00:00,-19.8,75,2.15,152,,100,Толмачёво,55.0125,82.65,
2024-01-19 23:00:00,-19.3,75,2.15,158,,100,Толмачёво,55.0125,82.65,
2024-01-16 00:00:00,-2.0,90,6.18,189,,100,Шереметьево,55.9725,37.4131,
2024-01-16 01:00:00,-2.2,90,6.26,193,,100,Шереметьево,55.9725,37.4131,
2024-01-16 02:00:00,-2.5,88,6.06,193,,100,Шереметьево,55.9725,37.4131,
2024-01-16 03:00:00,-2.5,89,6.14,196,,100,Шереметьево,55.9725,37.4131,
2024-01-16 04:00:00,-2.8,90,5.22,197,,100,Шереметьево,55.9725,37.4131,
2024-01-16 05:00:00,-3.0,87,5.83,202,,100,Шереметьево,55.9725,37.4131,
2024-01-16 06:00:00,-3.4,90,5.19,199,,100,Шереметьево,55.9725,37.4131,
2024-01-16 07:00:00,-3.0,89,5.31,200,,100,Шереметьево,55.9725,37.4131,
2024-01-16 08:00:00,-2.8,89,5.35,201,,100,Шереметьево,55.9725,37.4131,
2024-01-16 09:00:00,-2.9,88,5.47,198,,100,Шереметьево,55.9725,37.4131,
2024-01-16 10:00:00,-3.0,88,5.22,192,,100,Шереметьево,55.9725,37.4131,
2024-01-16 11:00:00,-3.0,85,5.17,195,,100,Шереметьево,55.9725,37.4131,
2024-01-16 12:00:00,-3.0,82,5.32,196,,100,Шереметьево,55.9725,37.4131,
2024-01-16 13:00:00,-3.0,79,4.87,199,,100,Шереметьево,55.9725,37.4131,
2024-01-16 14:00:00,-3.1,83,4.3,179,,100,Шереметьево,55.9725,37.4131,
2024-01-16 15:00:00,-3.5,89,3.89,162,,100,Шереметьево,55.9725,37.4131,
2024-01-16 16:00:00,-3.2,89,3.21,176,,100,Шереметьево,55.9725,37.4131,
2024-01-16 17:00:00,-3.5,88,3.03,188,,100,Шереметьево,55.9725,37.4131,
2024-01-16 18:00:00,-3.8,86,2.93,188,,100,Шереметьево,55.9725,37.4131,
2024-01-16 19:00:00,-4.0,86,3.1,195,,100,Шереметьево,55.9725,37.4131,
2024-01-16 20:00:00,-4.3,87,3.22,210,,98,Шереметьево,55.9725,37.4131,
2024-01-16 21:00:00,-4.7,87,2.92,202,,100,Шереметьево,55.9725,37.4131,
2024-01-16 22:00:00,-4.8,90,3.49,207,,100,Шереметьево,55.9725,37.4131,
2024-01-16 23:00:00,-4.7,90,3.89,228,,100,Шереметьево,55.9725,37.4131,
2024-01-17 00:00:00,-5.2,91,2.83,222,,100,Шереметьево,55.9725,37.4131,
2024-01-17 01:00:00,-5.6,90,3.4,208,,100,Шереметьево,55.9725,37.4131,
2024-01-17 02:00:00,-5.1,90,4.81,227,,100,Шереметьево,55.9725,37.4131,
2024-01-17 03:00:00,-5.7,83,5.19,245,,100,Шереметьево,55.9725,37.4131,
2024-01-17 04:00:00,-7.8,84,4.7,243,,100,Шереметьево,55.9725,37.4131,
2024-01-17 05:00:00,-8.1,84,4.7,246,,100,Шереметьево,55.9725,37.4131,
2024-01-17 06:00:00,-8.8,81,5.62,265,,100,Шереметьево,55.9725,37.4131,
2024-01-17 07:00:00,-10.6,79,5.8,272,,100,Шереметьево,55.9725,37.4131,
2024-01-17 08:00:00,-11.9,79,5.2,272,,99,Шереметьево,55.9725,37.4131,
2024-01-17 09:00:00,-13.0,79,5.05,278,,100,Шереметьево,55.9725,37.4131,
2024-01-17 10:00:00,-12.6,77,5.26,279,,100,Шереметьево,55.9725,37.4131,
2024-01-17 11:00:00,-12.6,75,5.56,278,,100,Шереметьево,55.9725,37.4131,
2024-01-17 12:00:00,-12.6,74,6.14,282,,100,Шереметьево,55.9725,37.4131,
2024-01-17 13:00:00,-12.4,72,6.23,289,,100,Шереметьево,55.9725,37.4131,
2024-01-17 14:00:00,-12.4,72,6.07,290,,97,Шереметьево,55.9725,37.4131,
2024-01-17 15:00:00,-12.6,72,5.51,286,,68,Шереметьево,55.9725,37.4131,
2024-01-17 16:00:00,-13.4,72,4.54,284,,2,Шереметьево,55.9725,37.4131,
2024-01-17 17:00:00,-14.4,74,4.46,286,,9,Шереметьево,55.9725,37.4131,
2024-01-17 18:00:00,-14.8,76,4.73,283,,46,Шереметьево,55.9725,37.4131,
2024-01-17 19:00:00,-14.9,78,5.12,287,,100,Шереметьево,55.9725,37.4131,
2024-01-17 20:00:00,-14.1,79,4.74,288,,100,Шереметьево,55.9725,37.4131,
2024-01-17 21:00:00,-13.0,78,4.15,285,,100,Шереметьево,55.9725,37.4131,
2024-01-17 22:00:00,-12.9,81,3.4,268,,100,Шереметьево,55.9725,37.4131,
2024-01-17 23:00:00,-12.1,82,3.44,262,,98,Шереметьево,55.9725,37.4131,
2024-01-18 00:00:00,-12.2,82,3.73,262,,6,Шереметьево,55.9725,37.4131,
2024-01-18 01:00:00,-13.2,81,3.82,264,,0,Шереметьево,55.9725,37.4131,
2024-01-18 02:00:00,-14.2,82,3.65,261,,0,Шереметьево,55.9725,37.4131,
2024-01-18 03:00:00,-15.4,83,3.23,254,,0,Шереметьево,55.9725,37.4131,
2024-01-18 04:00:00,-16.6,84,3.08,234,,0,Шереметьево,55.9725,37.4131,
2024-01-18 05:00:00,-17.0,84,3.19,229,,7,Шереметьево,55.9725,37.4131,
2024-01-18 06:00:00,-17.6,84,2.92,211,,74,Шереметьево,55.9725,37.4131,
2024-01-18 07:00:00,-18.4,84,2.63,189,,100,Шереметьево,55.9725,37.4131,
2024-01-18 08:00:00,-18.4,84,3.06,169,,100,Шереметьево,55.9725,37.4131,
2024-01-18 09:00:00,-18.1,85,3.94,156,,100,Шереметьево,55.9725,37.4131,
2024-01-18 10:00:00,-17.0,83,4.72,148,,100,Шереметьево,55.9725,37.4131,
2024-01-18 11:00:00,-15.3,82,5.3,148,,100,Шереметьево,55.9725,37.4131,
2024-01-18 12:00:00,-13.4,79,7.34,151,,100,Шереметьево,55.9725,37.4131,
2024-01-18 13:00:00,-11.8,78,6.6,145,,100,Шереметьево,55.9725,37.4131,
2024-01-18 14:00:00,-11.4,77,6.77,146,,100,Шереметьево,55.9725,37.4131,
2024-01-18 15:00:00,-11.4,79,8.08,144,,100,Шереметьево,55.9725,37.4131,
2024-01-18 16:00:00,-11.7,83,8.18,145,,100,Шереметьево,55.9725,37.4131,
2024-01-18 17:00:00,-10.9,81,10.82,152,,100,Шереметьево,55.9725,37.4131,
2024-01-18 18:00:00,-9.9,83,9.88,154,,100,Шереметьево,55.9725,37.4131,
2024-01-18 19:00:00,-9.1,84,9.35,154,,100,Шереметьево,55.9725,37.4131,
2024-01-18 20:00:00,-8.4,85,8.5,153,,100,Шереметьево,55.9725,37.4131,
2024-01-18 21:00:00,-7.7,87,7.42,153,,100,Шереметьево,55.9725,37.4131,
2024-01-18 22:00:00,-6.8,89,6.57,154,,100,Шереметьево,55.9725,37.4131,
2024-01-18 23:00:00,-5.7,91,5.37,156,,100,Шереметьево,55.9725,37.4131,
2024-01-19 00:00:00,-4.3,93,4.11,162,,100,Шереметьево,55.9725,37.4131,
2024-01-19 01:00:00,-3.0,95,2.8,182,,100,Шереметьево,55.9725,37.4131,
2024-01-19 02:00:00,-2.0,96,1.98,225,,100,Шереметьево,55.9725,37.4131,
2024-01-19 03:00:00,-1.6,96,2.6,270,,100,Шереметьево,55.9725,37.4131,
2024-01-19 04:00:00,-6.6,93,0.89,207,,100,Шереметьево,55.9725,37.4131,
2024-01-19 05:00:00,-6.5,93,2.06,284,,100,Шереметьево,55.9725,37.4131,
2024-01-19 06:00:00,-6.1,92,1.97,294,,100,Шереметьево,55.9725,37.4131,
2024-01-19 07:00:00,-6.8,91,1.96,285,,100,Шереметьево,55.9725,37.4131,
2024-01-19 08:00:00,-7.1,90,2.73,294,,100,Шереметьево,55.9725,37.4131,
2024-01-19 09:00:00,-7.3,89,2.8,305,,100,Шереметьево,55.9725,37.4131,
2024-01-19 10:00:00,-7.3,87,2.64,307,,100,Шереметьево,55.9725,37.4131,
2024-01-19 11:00:00,-7.2,85,3.08,306,,100,Шереметьево,55.9725,37.4131,
2024-01-19 12:00:00,-7.0,83,3.19,302,,100,Шереметьево,55.9725,37.4131,
2024-01-19 13:00:00,-6.7,80,2.51,293,,100,Шереметьево,55.9725,37.4131,
2024-01-19 14:00:00,-5.9,76,2.02,279,,97,Шереметьево,55.9725,37.4131,
2024-01-19 15:00:00,-6.8,79,1.71,263,,62,Шереметьево,55.9725,37.4131,
2024-01-19 16:00:00,-7.7,83,2.39,237,,0,Шереметьево,55.9725,37.4131,
2024-01-19 17:00:00,-8.6,83,3.18,242,,2,Шереметьево,55.9725,37.4131,
2024-01-19 18:00:00,-9.0,84,3.49,246,,54,Шереметьево,55.9725,37.4131,
2024-01-19 19:00:00,-9.3,84,3.64,249,,99,Шереметьево,55.9725,37.4131,
2024-01-19 20:00:00,-9.5,84,3.68,248,,99,Шереметьево,55.9725,37.4131,
2024-01-19 21:00:00,-9.6,83,4.1,257,,97,Шереметьево,55.9725,37.4131,
2024-01-19 22:00:00,-9.9,83,3.51,250,,91,Шереметьево,55.9725,37.4131,
2024-01-19 23:00:00,-10.2,83,3.32,249,,100,Шереметьево,55.9725,37.4131,
